"Ind","Pop","SNP_1.1","SNP_1.2","SNP_2.1","SNP_2.2","SNP_3.1","SNP_3.2","SNP_4.1","SNP_4.2","SNP_5.1","SNP_5.2"
"M1","Mainland","A","A","A","T","C","G","A","T","T","T"
"M2","Mainland","C","C","T","T","G","G","A","A","G","T"
"M3","Mainland","A","A","A","A","C","C","A","A","G","T"
"M4","Mainland","C","C","A","A","C","C","A","T","G","T"
"M5","Mainland","A","C","A","A","C","G","A","T","G","T"
"M6","Mainland","A","C","T","T","G","G","A","A","G","T"
"M7","Mainland","A","C","T","T","C","G","A","A","G","T"
"M8","Mainland","A","A","A","T","C","C","A","A","G","T"
"M9","Mainland","A","A","A","T","C","C","A","T","T","T"
"M10","Mainland","C","C","T","T","C","G","A","T","G","T"
"M11","Mainland","A","C","A","T","C","G","A","T","G","T"
"M12","Mainland","A","C","T","T","G","G","A","T","G","T"
"M13","Mainland","A","A","A","T","C","G","A","A","G","G"
"M14","Mainland","A","C","T","T","C","G","A","T","G","G"
"M15","Mainland","A","C","A","T","C","G","A","A","G","G"
"M16","Mainland","A","C","A","A","C","G","A","T","G","T"
"M17","Mainland","A","C","A","T","C","G","T","T","T","T"
"M18","Mainland","A","C","A","T","G","G","A","T","G","G"
"M19","Mainland","A","C","A","A","C","C","T","T","G","G"
"M20","Mainland","C","C","A","A","C","C","A","A","T","T"
"M21","Mainland","A","C","T","T","C","G","A","A","G","T"
"M22","Mainland","A","C","A","A","C","G","T","T","G","G"
"M23","Mainland","C","C","T","T","G","G","A","A","T","T"
"M24","Mainland","A","A","A","T","C","C","A","T","G","T"
"M25","Mainland","A","A","A","T","C","G","A","T","G","G"
"M26","Mainland","A","C","A","T","G","G","A","A","G","G"
"M27","Mainland","A","A","A","T","C","C","A","A","G","G"
"M28","Mainland","A","A","T","T","C","C","A","A","T","T"
"M29","Mainland","A","C","T","T","G","G","T","T","G","T"
"M30","Mainland","A","C","A","T","G","G","A","T","G","T"
"M31","Mainland","C","C","T","T","C","C","A","A","T","T"
"M32","Mainland","A","C","A","T","C","C","T","T","G","T"
"M33","Mainland","A","C","A","T","G","G","T","T","T","T"
"M34","Mainland","A","A","A","A","G","G","A","A","G","T"
"M35","Mainland","A","C","T","T","C","G","T","T","G","G"
"M36","Mainland","A","C","A","T","C","C","A","T","T","T"
"M37","Mainland","C","C","A","T","C","C","A","A","G","G"
"M38","Mainland","C","C","T","T","C","C","A","T","G","T"
"M39","Mainland","A","A","A","T","G","G","A","A","T","T"
"M40","Mainland","A","C","A","T","C","C","A","A","G","T"
"M41","Mainland","C","C","A","A","C","C","A","T","G","G"
"M42","Mainland","A","C","A","T","C","C","A","T","G","G"
"M43","Mainland","C","C","A","T","C","C","A","A","G","G"
"M44","Mainland","C","C","A","A","C","C","A","T","G","T"
"M45","Mainland","A","C","T","T","C","G","A","A","G","T"
"M46","Mainland","A","C","A","T","G","G","A","T","T","T"
"M47","Mainland","A","C","A","A","C","G","A","T","T","T"
"M48","Mainland","A","C","A","A","C","G","A","T","G","T"
"M49","Mainland","A","C","A","A","C","G","A","A","G","G"
"M50","Mainland","A","A","A","T","C","G","A","A","G","T"
"M51","Mainland","C","C","A","T","C","G","A","T","G","G"
"M52","Mainland","C","C","A","A","C","C","T","T","G","T"
"M53","Mainland","A","C","A","A","G","G","A","A","T","T"
"M54","Mainland","A","C","A","T","C","G","A","T","G","T"
"M55","Mainland","A","A","A","A","G","G","A","T","G","T"
"M56","Mainland","A","A","A","T","C","C","A","T","T","T"
"M57","Mainland","A","A","A","T","C","C","A","A","T","T"
"M58","Mainland","A","C","T","T","G","G","T","T","G","G"
"M59","Mainland","A","C","A","T","G","G","A","A","G","G"
"M60","Mainland","A","C","A","T","C","C","A","T","T","T"
"M61","Mainland","C","C","A","A","C","C","A","T","G","T"
"M62","Mainland","A","C","A","A","C","G","A","A","G","G"
"M63","Mainland","C","C","A","T","C","G","A","A","G","T"
"M64","Mainland","A","A","A","T","G","G","A","A","T","T"
"M65","Mainland","C","C","A","T","C","G","A","A","G","T"
"M66","Mainland","A","C","A","T","C","G","A","T","G","T"
"M67","Mainland","C","C","A","A","C","C","T","T","G","G"
"M68","Mainland","A","C","T","T","G","G","A","T","T","T"
"M69","Mainland","A","A","A","A","C","G","A","T","G","T"
"M70","Mainland","C","C","T","T","C","C","A","T","G","G"
"M71","Mainland","A","A","A","T","G","G","A","T","G","G"
"M72","Mainland","A","A","A","T","G","G","A","T","G","T"
"M73","Mainland","A","C","A","A","C","C","A","A","G","G"
"M74","Mainland","A","C","A","T","C","G","A","A","G","T"
"M75","Mainland","A","C","A","A","G","G","A","A","G","T"
"M76","Mainland","A","A","A","T","C","G","A","T","G","T"
"M77","Mainland","C","C","A","A","G","G","A","A","G","T"
"M78","Mainland","A","A","A","A","G","G","A","A","G","G"
"M79","Mainland","A","A","A","A","G","G","A","A","G","T"
"M80","Mainland","A","C","T","T","C","G","T","T","G","G"
"M81","Mainland","C","C","T","T","C","G","A","T","T","T"
"M82","Mainland","A","A","A","T","C","G","A","A","G","T"
"M83","Mainland","A","C","A","T","C","G","T","T","G","T"
"M84","Mainland","A","C","T","T","C","G","A","T","T","T"
"M85","Mainland","A","C","T","T","C","C","A","T","G","G"
"M86","Mainland","A","C","T","T","C","G","A","T","G","T"
"M87","Mainland","C","C","A","A","C","G","A","T","G","G"
"M88","Mainland","A","A","A","A","C","G","A","A","G","T"
"M89","Mainland","C","C","A","A","C","G","A","T","G","G"
"M90","Mainland","A","C","T","T","C","G","A","T","T","T"
"M91","Mainland","C","C","A","A","C","C","A","T","G","T"
"M92","Mainland","C","C","A","T","C","G","A","A","G","T"
"M93","Mainland","A","C","A","A","G","G","A","A","G","T"
"M94","Mainland","A","A","A","T","C","G","A","T","G","T"
"M95","Mainland","A","A","T","T","G","G","A","T","G","T"
"M96","Mainland","A","A","A","T","C","G","T","T","G","T"
"M97","Mainland","A","A","A","T","C","C","A","A","G","G"
"M98","Mainland","A","A","T","T","C","C","A","A","G","T"
"M99","Mainland","A","C","T","T","C","G","A","T","G","T"
"M100","Mainland","A","C","A","T","C","G","A","A","G","T"
"M101","Mainland","A","C","A","T","C","C","A","A","G","G"
"M102","Mainland","A","A","A","T","G","G","A","A","G","G"
"M103","Mainland","C","C","A","T","C","C","A","T","G","G"
"M104","Mainland","A","A","T","T","C","G","A","T","G","G"
"M105","Mainland","A","A","T","T","C","G","A","T","G","G"
"M106","Mainland","C","C","T","T","C","G","A","A","T","T"
"M107","Mainland","A","A","T","T","G","G","A","T","T","T"
"M108","Mainland","C","C","A","A","C","G","A","A","G","G"
"M109","Mainland","A","C","A","T","C","G","A","A","G","G"
"M110","Mainland","A","C","A","T","C","G","A","T","G","T"
"M111","Mainland","A","A","A","A","C","G","A","A","G","T"
"M112","Mainland","A","C","T","T","G","G","A","T","T","T"
"M113","Mainland","A","A","A","A","G","G","A","T","G","T"
"M114","Mainland","A","C","A","T","C","G","A","T","G","T"
"M115","Mainland","C","C","A","T","C","G","A","A","T","T"
"M116","Mainland","C","C","A","T","C","C","A","A","T","T"
"M117","Mainland","C","C","T","T","C","C","A","A","G","G"
"M118","Mainland","A","A","A","A","C","G","A","T","G","T"
"M119","Mainland","A","C","A","T","C","C","A","T","G","G"
"M120","Mainland","A","C","A","A","C","G","A","A","G","T"
"M121","Mainland","A","A","A","T","C","G","A","T","G","G"
"M122","Mainland","A","A","A","T","C","C","A","T","T","T"
"M123","Mainland","A","C","T","T","C","G","A","A","G","T"
"M124","Mainland","A","A","A","T","G","G","A","T","G","G"
"M125","Mainland","A","A","A","A","C","C","A","A","T","T"
"M126","Mainland","C","C","A","T","C","G","A","T","G","T"
"M127","Mainland","C","C","A","T","G","G","T","T","G","T"
"M128","Mainland","A","C","A","T","G","G","A","A","G","T"
"M129","Mainland","A","C","A","T","C","G","A","A","G","G"
"M130","Mainland","C","C","A","T","C","C","A","A","G","G"
"M131","Mainland","A","C","A","A","C","G","A","T","T","T"
"M132","Mainland","A","A","A","A","G","G","A","A","G","T"
"M133","Mainland","C","C","A","A","C","G","A","A","G","T"
"M134","Mainland","A","A","A","A","C","G","A","T","G","T"
"M135","Mainland","C","C","T","T","G","G","A","A","G","T"
"M136","Mainland","C","C","A","T","G","G","T","T","G","G"
"M137","Mainland","A","A","A","T","C","C","T","T","G","G"
"M138","Mainland","A","C","A","A","C","G","A","T","T","T"
"M139","Mainland","A","C","A","T","C","G","A","T","G","T"
"M140","Mainland","C","C","T","T","G","G","A","A","T","T"
"M141","Mainland","A","A","A","T","C","C","A","T","G","G"
"M142","Mainland","A","A","A","A","C","C","T","T","G","T"
"M143","Mainland","A","C","A","T","G","G","A","T","G","T"
"M144","Mainland","A","A","A","T","C","G","A","A","T","T"
"M145","Mainland","A","C","A","A","C","C","A","T","T","T"
"M146","Mainland","C","C","A","A","C","G","A","T","G","T"
"M147","Mainland","C","C","A","A","C","C","A","A","T","T"
"M148","Mainland","A","C","A","A","G","G","T","T","G","T"
"M149","Mainland","C","C","A","A","C","G","A","T","G","T"
"M150","Mainland","A","C","A","T","G","G","A","T","G","T"
"M151","Mainland","C","C","A","T","C","C","T","T","G","T"
"M152","Mainland","A","A","A","T","C","G","A","T","T","T"
"M153","Mainland","C","C","A","T","C","C","A","T","G","G"
"M154","Mainland","A","C","A","T","C","G","T","T","G","T"
"M155","Mainland","A","C","A","T","G","G","T","T","G","G"
"M156","Mainland","C","C","T","T","C","G","T","T","G","G"
"M157","Mainland","A","A","A","T","C","G","A","A","G","G"
"I1","Island","A","C","T","T","C","G","A","A","G","G"
"I2","Island","A","A","A","A","C","C","A","A","G","G"
"I3","Island","A","A","A","T","C","G","A","A","G","G"
"I4","Island","A","A","A","A","C","C","A","A","G","T"
"I5","Island","A","A","A","T","C","C","T","T","T","T"
"I6","Island","A","A","A","A","C","C","T","T","G","G"
"I7","Island","A","A","A","A","C","C","A","T","G","G"
"I8","Island","A","A","A","T","C","C","A","A","G","G"
"I9","Island","A","A","A","T","C","G","A","A","G","G"
"I10","Island","A","A","A","A","C","C","A","A","G","G"
"I11","Island","A","C","A","T","C","C","A","T","G","G"
"I12","Island","A","A","A","A","C","C","A","A","G","T"
"I13","Island","A","A","A","T","C","G","A","T","G","T"
"I14","Island","A","A","A","A","C","C","A","A","G","G"
"I15","Island","A","A","A","A","C","C","A","A","T","T"
"I16","Island","A","A","A","A","C","C","A","A","G","G"
"I17","Island","A","C","A","A","C","C","T","T","G","G"
"I18","Island","A","A","A","A","C","C","A","T","G","G"
"I19","Island","A","A","A","T","C","C","A","A","G","G"
"I20","Island","A","A","A","A","C","C","A","A","G","T"
"I21","Island","A","A","A","A","C","C","A","A","G","G"
"I22","Island","A","A","A","A","C","C","A","A","G","G"
"I23","Island","A","A","A","T","C","C","T","T","G","T"
"I24","Island","A","A","A","A","C","C","A","A","G","G"
"I25","Island","A","A","A","T","C","C","A","T","G","T"
"I26","Island","A","C","A","A","C","C","A","A","G","G"
"I27","Island","A","A","A","A","C","C","T","T","T","T"
"I28","Island","A","A","A","A","C","C","A","T","G","T"
"I29","Island","A","A","A","A","C","C","A","A","G","T"
"I30","Island","A","A","A","A","C","C","A","A","G","T"
"I31","Island","A","A","A","T","C","C","A","A","G","G"
"I32","Island","A","A","A","A","C","C","A","A","G","T"
"I33","Island","A","C","A","T","C","C","A","A","G","T"
"I34","Island","A","A","A","A","C","C","A","A","G","T"
"I35","Island","A","A","A","T","C","C","A","T","G","T"
"I36","Island","A","A","A","T","C","C","A","A","G","G"
"I37","Island","A","A","A","A","C","C","A","A","G","T"
"I38","Island","A","A","A","T","G","G","A","T","G","G"
"I39","Island","A","A","A","A","C","G","A","A","G","T"
"I40","Island","A","C","A","A","C","C","A","A","G","T"
"I41","Island","A","A","A","T","C","G","A","A","G","G"
"I42","Island","A","A","A","A","C","C","A","T","G","G"
"I43","Island","A","A","A","A","C","C","A","T","G","G"
"I44","Island","A","A","A","T","C","C","A","T","G","G"
"I45","Island","A","A","A","A","C","C","A","T","G","T"
"I46","Island","A","A","A","A","C","C","A","A","G","G"
"I47","Island","A","A","A","A","C","C","T","T","G","G"
"I48","Island","A","A","A","A","C","C","A","A","G","G"
"I49","Island","A","A","A","A","C","C","A","A","G","T"
"I50","Island","A","A","A","A","C","C","A","A","G","G"
"I51","Island","A","A","A","A","C","C","A","T","G","G"
"I52","Island","A","A","A","T","C","C","A","T","G","G"
"I53","Island","A","A","A","A","C","C","A","T","G","T"
"I54","Island","A","C","A","T","C","C","A","A","G","G"
"I55","Island","A","A","A","A","C","C","A","A","G","G"
"I56","Island","A","A","A","T","C","C","A","A","G","G"
"I57","Island","A","A","A","A","C","C","A","A","G","G"
"I58","Island","A","A","A","T","C","C","A","A","G","G"
"I59","Island","A","A","A","A","C","C","A","A","G","T"
"I60","Island","A","A","A","A","C","C","A","A","G","T"
"I61","Island","A","A","A","A","C","C","A","A","G","T"
"I62","Island","A","A","A","T","C","C","A","A","G","G"
"I63","Island","A","A","A","T","C","C","A","T","G","G"
"I64","Island","A","C","A","T","C","C","A","A","G","G"
"I65","Island","A","A","A","A","C","C","A","A","G","G"
"I66","Island","A","A","A","T","C","C","A","T","G","G"
"I67","Island","A","C","A","A","C","C","A","A","G","T"
"I68","Island","A","C","A","T","C","C","A","T","G","G"
"I69","Island","A","A","A","T","C","C","A","A","G","G"
"I70","Island","A","A","A","A","C","C","A","A","G","T"
"I71","Island","A","A","A","T","C","C","A","A","G","G"
"I72","Island","A","C","A","A","C","C","A","A","G","G"
"I73","Island","A","A","A","A","C","C","A","A","G","G"
"I74","Island","A","A","A","A","C","C","A","A","G","T"
"I75","Island","A","A","A","A","C","C","A","T","G","T"
"I76","Island","A","A","A","A","C","C","A","T","G","G"
"I77","Island","A","A","A","A","C","C","A","T","G","T"
"I78","Island","A","A","A","A","C","C","A","A","G","G"
"I79","Island","A","C","A","A","C","C","A","A","G","G"
"I80","Island","A","A","A","A","C","C","A","A","G","G"
"I81","Island","A","A","A","A","C","G","A","T","G","G"
"I82","Island","A","A","A","A","C","C","A","A","G","G"
"I83","Island","A","A","A","A","C","C","A","A","G","G"
"I84","Island","A","A","A","A","C","C","A","A","G","T"
"I85","Island","A","C","A","A","C","C","A","T","G","G"
"I86","Island","A","A","A","T","C","C","A","A","G","G"
"I87","Island","A","A","A","A","C","C","A","T","G","T"
"I88","Island","C","C","A","A","C","C","A","A","G","G"
"I89","Island","A","A","A","T","C","C","A","T","G","T"
"I90","Island","A","C","A","A","C","C","A","A","G","G"
"I91","Island","A","A","A","A","C","G","A","T","G","G"
"I92","Island","A","C","A","T","C","C","A","A","G","T"
"I93","Island","A","A","A","T","C","C","A","A","G","T"
