Ind_ID,Pop,Allele_1,Allele_2
Ind_1,Mainland,C,C
Ind_2,Mainland,A,A
Ind_3,Mainland,C,C
Ind_4,Mainland,A,A
Ind_5,Mainland,A,C
Ind_6,Mainland,A,C
Ind_7,Mainland,A,C
Ind_8,Mainland,C,C
Ind_9,Mainland,C,C
Ind_10,Mainland,A,A
Ind_11,Mainland,A,C
Ind_12,Mainland,A,C
Ind_13,Mainland,C,C
Ind_14,Mainland,A,C
Ind_15,Mainland,A,C
Ind_16,Mainland,A,C
Ind_17,Mainland,A,C
Ind_18,Mainland,A,C
Ind_19,Mainland,A,C
Ind_20,Mainland,A,A
Ind_21,Mainland,A,C
Ind_22,Mainland,A,C
Ind_23,Mainland,A,A
Ind_24,Mainland,C,C
Ind_25,Mainland,C,C
Ind_26,Mainland,A,C
Ind_27,Mainland,C,C
Ind_28,Mainland,C,C
Ind_29,Mainland,A,C
Ind_30,Mainland,A,C
Ind_31,Mainland,A,A
Ind_32,Mainland,A,C
Ind_33,Mainland,A,C
Ind_34,Mainland,C,C
Ind_35,Mainland,A,C
Ind_36,Mainland,A,C
Ind_37,Mainland,A,A
Ind_38,Mainland,A,A
Ind_39,Mainland,C,C
Ind_40,Mainland,A,C
Ind_41,Mainland,A,A
Ind_42,Mainland,A,C
Ind_43,Mainland,A,A
Ind_44,Mainland,A,A
Ind_45,Mainland,A,C
Ind_46,Mainland,A,C
Ind_47,Mainland,A,C
Ind_48,Mainland,A,C
Ind_49,Mainland,A,C
Ind_50,Mainland,C,C
Ind_51,Mainland,A,A
Ind_52,Mainland,A,A
Ind_53,Mainland,A,C
Ind_54,Mainland,A,C
Ind_55,Mainland,C,C
Ind_56,Mainland,C,C
Ind_57,Mainland,C,C
Ind_58,Mainland,A,C
Ind_59,Mainland,A,C
Ind_60,Mainland,A,C
Ind_61,Mainland,A,A
Ind_62,Mainland,A,C
Ind_63,Mainland,A,A
Ind_64,Mainland,C,C
Ind_65,Mainland,A,A
Ind_66,Mainland,A,C
Ind_67,Mainland,A,A
Ind_68,Mainland,A,C
Ind_69,Mainland,C,C
Ind_70,Mainland,A,A
Ind_71,Mainland,C,C
Ind_72,Mainland,C,C
Ind_73,Mainland,A,C
Ind_74,Mainland,A,C
Ind_75,Mainland,A,C
Ind_76,Mainland,C,C
Ind_77,Mainland,A,A
Ind_78,Mainland,C,C
Ind_79,Mainland,C,C
Ind_80,Mainland,A,C
Ind_81,Mainland,A,A
Ind_82,Mainland,C,C
Ind_83,Mainland,A,C
Ind_84,Mainland,A,C
Ind_85,Mainland,A,C
Ind_86,Mainland,A,C
Ind_87,Mainland,A,A
Ind_88,Mainland,C,C
Ind_89,Mainland,A,A
Ind_90,Mainland,A,C
Ind_91,Mainland,A,A
Ind_92,Mainland,A,A
Ind_93,Mainland,A,C
Ind_94,Mainland,C,C
Ind_95,Mainland,C,C
Ind_96,Mainland,C,C
Ind_97,Mainland,C,C
Ind_98,Mainland,C,C
Ind_99,Mainland,A,C
Ind_100,Mainland,A,C
Ind_101,Mainland,A,C
Ind_102,Mainland,C,C
Ind_103,Mainland,A,A
Ind_104,Mainland,C,C
Ind_105,Mainland,C,C
Ind_106,Mainland,A,A
Ind_107,Mainland,C,C
Ind_108,Mainland,A,A
Ind_109,Mainland,A,C
Ind_110,Mainland,A,C
Ind_111,Mainland,C,C
Ind_112,Mainland,A,C
Ind_113,Mainland,C,C
Ind_114,Mainland,A,C
Ind_115,Mainland,A,A
Ind_116,Mainland,A,A
Ind_117,Mainland,A,A
Ind_118,Mainland,C,C
Ind_119,Mainland,A,C
Ind_120,Mainland,A,C
Ind_121,Mainland,C,C
Ind_122,Mainland,C,C
Ind_123,Mainland,A,C
Ind_124,Mainland,C,C
Ind_125,Mainland,C,C
Ind_126,Mainland,A,A
Ind_127,Mainland,A,A
Ind_128,Mainland,A,C
Ind_129,Mainland,A,C
Ind_130,Mainland,A,A
Ind_131,Mainland,A,C
Ind_132,Mainland,C,C
Ind_133,Mainland,A,A
Ind_134,Mainland,C,C
Ind_135,Mainland,A,A
Ind_136,Mainland,A,A
Ind_137,Mainland,C,C
Ind_138,Mainland,A,C
Ind_139,Mainland,A,C
Ind_140,Mainland,A,A
Ind_141,Mainland,C,C
Ind_142,Mainland,C,C
Ind_143,Mainland,A,C
Ind_144,Mainland,C,C
Ind_145,Mainland,A,C
Ind_146,Mainland,A,A
Ind_147,Mainland,A,A
Ind_148,Mainland,A,C
Ind_149,Mainland,A,A
Ind_150,Mainland,A,C
Ind_151,Mainland,A,A
Ind_152,Mainland,C,C
Ind_153,Mainland,A,A
Ind_154,Mainland,A,C
Ind_155,Mainland,A,C
Ind_156,Mainland,A,A
Ind_157,Mainland,C,C
Ind_158,Island,A,A
Ind_159,Island,A,C
Ind_160,Island,A,A
Ind_161,Island,A,A
Ind_162,Island,A,A
Ind_163,Island,A,C
Ind_164,Island,A,A
Ind_165,Island,A,A
Ind_166,Island,A,A
Ind_167,Island,A,C
Ind_168,Island,A,A
Ind_169,Island,A,A
Ind_170,Island,A,A
Ind_171,Island,A,C
Ind_172,Island,A,A
Ind_173,Island,A,A
Ind_174,Island,A,A
Ind_175,Island,A,A
Ind_176,Island,A,A
Ind_177,Island,A,A
Ind_178,Island,A,C
Ind_179,Island,A,A
Ind_180,Island,A,A
Ind_181,Island,A,A
Ind_182,Island,A,A
Ind_183,Island,A,A
Ind_184,Island,A,A
Ind_185,Island,A,C
Ind_186,Island,A,A
Ind_187,Island,A,A
Ind_188,Island,A,C
Ind_189,Island,A,A
Ind_190,Island,A,A
Ind_191,Island,A,A
Ind_192,Island,A,C
Ind_193,Island,A,A
Ind_194,Island,A,A
Ind_195,Island,A,C
Ind_196,Island,A,A
Ind_197,Island,A,A
Ind_198,Island,A,A
Ind_199,Island,A,A
Ind_200,Island,A,A
Ind_201,Island,A,A
Ind_202,Island,A,C
Ind_203,Island,A,A
Ind_204,Island,A,A
Ind_205,Island,A,A
Ind_206,Island,A,A
Ind_207,Island,A,A
Ind_208,Island,A,A
Ind_209,Island,A,A
Ind_210,Island,A,A
Ind_211,Island,A,A
Ind_212,Island,A,A
Ind_213,Island,A,A
Ind_214,Island,A,A
Ind_215,Island,A,C
Ind_216,Island,A,A
Ind_217,Island,A,A
Ind_218,Island,A,A
Ind_219,Island,A,A
Ind_220,Island,A,A
Ind_221,Island,A,A
Ind_222,Island,A,A
Ind_223,Island,A,A
Ind_224,Island,A,A
Ind_225,Island,A,C
Ind_226,Island,A,A
Ind_227,Island,A,C
Ind_228,Island,A,A
Ind_229,Island,A,A
Ind_230,Island,A,A
Ind_231,Island,A,A
Ind_232,Island,A,A
Ind_233,Island,A,A
Ind_234,Island,A,A
Ind_235,Island,A,A
Ind_236,Island,A,A
Ind_237,Island,A,C
Ind_238,Island,A,C
Ind_239,Island,A,A
Ind_240,Island,A,A
Ind_241,Island,A,C
Ind_242,Island,A,C
Ind_243,Island,A,C
Ind_244,Island,A,A
Ind_245,Island,A,A
Ind_246,Island,A,A
Ind_247,Island,A,C
Ind_248,Island,A,A
Ind_249,Island,A,A
Ind_250,Island,A,A
